RA, Propagation Model, collision, ip no route, ip route error
aodv, friis,croissant 200 plateau,croissant 200 ddecroissant, ddecroissant 200croissant
aodv, trg, croissant 200 plateau, croissant 100 ddecroissant, ddecroissant 100croissant
aodv, itu,croissant 200 plateau,croissant 200 ddecroissant, ddecroissant 200croissant
aodv, foba,croissant 200 plateau,croissant 200 ddecroissant, ddecroissant 200croissant
dsdv, friis,croissant 150 ddecroissant,croissant 150 ddecroissant,
dsdv, trg, croissant 150 ddecroissant,  ddecroissant 150 plateau,
dsdv, itu,croissant 150 ddecroissant, ddecroissant 200 plateau,
dsdv, foba,croissant 150 ddecroissant, ddecroissant 200croissant,
olsr, friis,croissant,
olsr, trg, croissant, 
olsr, itu,croissant,
olsr, foba,croissant,