5.19352,-8.5456,5
90.7059,-3.69042,5
190.247,2.20696,5
297.629,9.71474,5
395.259,8.80485,5
-109.927,-1.2095,5
-205.286,8.48848,5
-292.017,-6.02275,5
-393.046,-7.18604,5
3.52542,-209.358,5
92.5662,-206.689,5
191.663,-194.478,5
299.127,-209.962,5
394.686,-191.529,5
490.917,-204.184,5
-109.864,-198.357,5
-202.391,-209.71,5
-308.77,-195.194,5
-304.37,-191.006,5
-408.117,-205.84,5
-503.891,-209.212,5
8.72893,204.879,5
108.907,204.546,5
208.995,204.369,5
309.994,200.353,5
409.894,201.455,5
498.946,190.056,5
-91.2374,195.182,5
-190.005,199.69,5
-303.82,209.241,5
-297.481,209.677,5
-407.972,206.038,5
-502.994,209.541,5
9.67796,-397.483,5
90.1445,-401.694,5
208.784,-395.22,5
295.069,-391.3,5
398.289,-390.148,5
500.21,-390.002,5
-101.674,-390.141,5
-208.848,-395.341,5
-308.677,-395.028,5
-307.661,-393.573,5
-409.716,-397.633,5
-504.198,-390.924,5
7.11371,392.972,5
100.949,390.045,5
201.868,390.176,5
309.797,397.996,5
409.794,397.979,5
492.469,406.579,5
-109.573,402.89,5
-202.281,409.736,5
-300.389,409.992,5
-291.984,394.021,5
-405.151,391.429,5
-492.621,393.251,5
-3.21788,-109.468,5
205.034,-91.3595,5
401.1,-109.939,5
491.891,-105.851,5
-209.595,-102.818,5
-409.064,-104.224,5
-502.716,-109.624,5
7.75343,106.315,5
201.532,90.118,5
407.35,93.2196,5
507.628,93.5335,5
-197.995,109.797,5
-391.393,94.9084,5
-500.959,90.0461,5
-9.52327,303.051,5
201.976,290.197,5
390.011,300.465,5
-192.127,293.834,5
-405.868,291.902,5
9.95035,-300.995,5
208.56,-305.169,5
408.409,-305.412,5
-209.554,-297.047,5
-390.052,-301.019,5
109.976,-500.69,5
192.168,-506.217,5
395.821,-509.085,5
496.507,-509.37,5
-103.153,-490.51,5
-192.476,-506.587,5
-407.755,-493.687,5
-497.798,-490.245,5
107.89,493.856,5
204.385,491.013,5
406.337,492.264,5
490.008,500.394,5
-106.856,507.279,5
-200.461,490.011,5
-409.757,497.807,5
-505.025,491.354,5
95.869,-590.893,5
190.017,-600.579,5
-108.398,-605.429,5
-209.76,-597.821,5
-6.58297,607.528,5
108.2,594.277,5
-93.4984,592.402,5

7.79028,-12.8184,5
86.0588,-5.53563,5
185.37,3.31043,5
296.443,14.5721,5
392.889,13.2073,5
-114.89,-1.81426,5
-207.93,12.7327,5
-288.026,-9.03413,5
-389.569,-10.7791,5
5.28813,-214.037,5
88.8492,-210.033,5
187.495,-191.716,5
298.69,-214.943,5
392.029,-187.293,5
486.376,-206.275,5
-114.796,-197.535,5
-203.587,-214.565,5
-313.154,-192.791,5
-306.555,-186.508,5
-412.176,-208.76,5
-505.837,-213.818,5
13.0934,207.319,5
113.361,206.819,5
213.492,206.554,5
314.991,200.53,5
414.84,202.182,5
498.418,185.084,5
-86.856,192.773,5
-185.007,199.535,5
-305.731,213.862,5
-296.221,214.516,5
-411.957,209.057,5
-504.492,214.312,5
14.5169,-396.224,5
85.2168,-402.541,5
213.175,-392.83,5
292.603,-386.95,5
397.433,-385.221,5
500.315,-385.003,5
-102.512,-385.212,5
-213.272,-393.011,5
-313.015,-392.542,5
-311.491,-390.359,5
-414.574,-396.45,5
-506.298,-386.386,5
10.6706,389.458,5
101.424,385.068,5
202.802,385.264,5
314.696,396.994,5
414.69,396.968,5
488.704,409.869,5
-114.36,404.335,5
-203.421,414.605,5
-300.583,414.989,5
-287.977,391.031,5
-407.726,387.143,5
-488.932,389.876,5
-4.82682,-114.202,5
207.551,-87.0392,5
401.65,-114.909,5
487.836,-108.777,5
-214.392,-104.228,5
-413.596,-106.337,5
-504.074,-114.436,5
11.6302,109.473,5
202.298,85.1771,5
411.025,89.8294,5
511.442,90.3002,5
-196.992,114.695,5
-387.09,92.3626,5
-501.438,85.0691,5
-14.2849,304.576,5
202.965,285.296,5
385.016,300.698,5
-188.19,290.752,5
-408.801,287.854,5
14.9255,-301.493,5
212.841,-307.754,5
412.614,-308.118,5
-214.331,-295.571,5
-385.078,-301.529,5
114.964,-501.035,5
188.252,-509.326,5
393.731,-513.627,5
494.761,-514.055,5
-104.73,-485.765,5
-188.714,-509.881,5
-411.633,-490.531,5
-496.698,-485.368,5
111.835,490.784,5
206.577,486.519,5
409.505,488.396,5
485.012,500.591,5
-110.284,510.919,5
-200.691,485.016,5
-414.635,496.71,5
-507.538,487.032,5
93.8035,-586.34,5
185.025,-600.869,5
-112.597,-608.144,5
-214.64,-596.732,5
-9.87445,611.291,5
112.3,591.415,5
-90.2477,588.603,5

10.387,-17.0912,5
81.4117,-7.38084,5
180.493,4.41391,5
295.257,19.4295,5
390.519,17.6097,5
-119.853,-2.41901,5
-210.573,16.977,5
-284.034,-12.0455,5
-386.092,-14.3721,5
7.05084,-218.716,5
85.1323,-213.377,5
183.326,-188.955,5
298.254,-219.924,5
389.372,-183.058,5
481.834,-208.367,5
-119.728,-196.714,5
-204.783,-219.42,5
-317.539,-190.389,5
-308.741,-182.011,5
-416.235,-211.681,5
-507.782,-218.424,5
17.4579,209.758,5
117.814,209.092,5
217.99,208.739,5
319.988,200.707,5
419.787,202.91,5
497.891,180.111,5
-82.4747,190.363,5
-180.01,199.38,5
-307.641,218.483,5
-294.961,219.355,5
-415.943,212.076,5
-505.989,219.082,5
19.3559,-394.965,5
80.289,-403.388,5
217.567,-390.44,5
290.138,-382.601,5
396.577,-380.295,5
500.42,-380.004,5
-103.349,-380.282,5
-217.696,-390.681,5
-317.353,-390.057,5
-315.322,-387.145,5
-419.432,-395.266,5
-508.397,-381.848,5
14.2274,385.944,5
101.899,380.09,5
203.736,380.352,5
319.594,395.992,5
419.587,395.957,5
484.938,413.158,5
-119.147,405.78,5
-204.562,419.473,5
-300.777,419.985,5
-283.969,388.042,5
-410.302,382.857,5
-485.242,386.501,5
-6.43576,-118.936,5
210.068,-82.719,5
402.199,-119.879,5
483.781,-111.703,5
-219.189,-105.637,5
-418.128,-108.449,5
-505.431,-119.248,5
15.5069,112.631,5
203.064,80.2361,5
414.7,86.4392,5
515.256,87.0669,5
-195.99,119.594,5
-382.787,89.8168,5
-501.917,80.0921,5
-19.0465,306.102,5
203.953,280.395,5
380.022,300.93,5
-184.254,287.669,5
-411.735,283.805,5
19.9007,-301.991,5
217.121,-310.338,5
416.818,-310.824,5
-219.108,-294.095,5
-380.104,-302.039,5
119.952,-501.379,5
184.336,-512.435,5
391.641,-518.169,5
493.015,-518.74,5
-106.306,-481.02,5
-184.952,-513.174,5
-415.511,-487.374,5
-495.597,-480.491,5
115.78,487.712,5
208.769,482.025,5
412.674,484.528,5
480.016,500.788,5
-113.713,514.559,5
-200.922,480.021,5
-419.513,495.613,5
-510.05,482.709,5
91.738,-581.786,5
180.034,-601.158,5
-116.795,-610.859,5
-219.519,-595.642,5
-13.1659,615.055,5
116.4,588.553,5
-86.9969,584.804,5

12.9838,-21.364,5
76.7647,-9.22605,5
175.616,5.51739,5
294.071,24.2868,5
388.148,22.0121,5
-124.816,-3.02376,5
-213.216,21.2212,5
-280.043,-15.0569,5
-382.615,-17.9651,5
8.81356,-223.395,5
81.4154,-216.722,5
179.158,-186.194,5
297.817,-224.905,5
386.715,-178.822,5
477.293,-210.459,5
-124.66,-195.892,5
-205.978,-224.275,5
-321.924,-187.986,5
-310.926,-177.514,5
-420.293,-214.601,5
-509.728,-223.03,5
21.8223,212.198,5
122.268,211.364,5
222.487,210.924,5
324.984,200.884,5
424.734,203.637,5
497.364,175.139,5
-78.0934,187.954,5
-175.012,199.225,5
-309.551,223.104,5
-293.701,224.194,5
-419.929,215.094,5
-507.486,223.853,5
24.1949,-393.707,5
75.3613,-404.235,5
221.959,-388.05,5
287.672,-378.251,5
395.722,-375.369,5
500.525,-375.006,5
-104.186,-375.353,5
-222.121,-388.352,5
-321.691,-387.571,5
-319.152,-383.932,5
-424.29,-394.083,5
-510.496,-377.31,5
17.7843,382.43,5
102.374,375.113,5
204.67,375.44,5
324.493,394.99,5
424.484,394.947,5
481.173,416.448,5
-123.933,407.225,5
-205.702,424.341,5
-300.972,424.981,5
-279.961,385.052,5
-412.877,378.572,5
-481.553,383.127,5
-8.04471,-123.67,5
212.585,-78.3987,5
402.749,-124.848,5
479.727,-114.628,5
-223.987,-107.046,5
-422.66,-110.561,5
-506.789,-124.06,5
19.3836,115.788,5
203.83,75.2951,5
418.376,83.049,5
519.07,83.8337,5
-194.987,124.492,5
-378.483,87.271,5
-502.397,75.1152,5
-23.8082,307.627,5
204.941,275.493,5
375.027,301.163,5
-180.317,284.586,5
-414.669,279.756,5
24.8759,-302.488,5
221.401,-312.923,5
421.023,-313.53,5
-223.885,-292.618,5
-375.13,-302.548,5
124.94,-501.724,5
180.42,-515.544,5
389.551,-522.712,5
491.268,-523.426,5
-107.883,-476.275,5
-181.19,-516.468,5
-419.388,-484.218,5
-494.496,-475.613,5
119.725,484.64,5
210.962,477.531,5
415.842,480.66,5
475.019,500.986,5
-117.141,518.199,5
-201.152,475.027,5
-424.391,494.517,5
-512.563,478.386,5
89.6724,-577.233,5
175.042,-601.448,5
-120.994,-613.574,5
-224.399,-594.553,5
-16.4574,618.819,5
120.501,585.692,5
-83.7461,581.005,5

15.5806,-25.6368,5
72.1176,-11.0713,5
170.74,6.62087,5
292.886,29.1442,5
385.778,26.4146,5
-129.78,-3.62851,5
-215.859,25.4654,5
-276.051,-18.0683,5
-379.137,-21.5581,5
10.5763,-228.074,5
77.6985,-220.066,5
174.99,-183.433,5
297.381,-229.885,5
384.058,-174.587,5
472.752,-212.551,5
-129.592,-195.07,5
-207.174,-229.13,5
-326.309,-185.583,5
-313.111,-173.017,5
-424.352,-217.521,5
-511.673,-227.636,5
26.1868,214.637,5
126.721,213.637,5
226.985,213.108,5
329.981,201.06,5
429.681,204.365,5
496.837,170.167,5
-73.7121,185.545,5
-170.014,199.07,5
-311.461,227.724,5
-292.442,229.032,5
-423.915,218.113,5
-508.983,228.623,5
29.0339,-392.448,5
70.4336,-405.082,5
226.351,-385.66,5
285.207,-373.901,5
394.866,-370.443,5
500.63,-370.007,5
-105.023,-370.424,5
-226.545,-386.022,5
-326.03,-385.085,5
-322.983,-380.718,5
-429.148,-392.899,5
-512.595,-372.772,5
21.3411,378.916,5
102.848,370.136,5
205.604,370.528,5
329.391,393.988,5
429.381,393.936,5
477.407,419.737,5
-128.72,408.67,5
-206.842,429.209,5
-301.166,429.977,5
-275.953,382.063,5
-415.453,374.286,5
-477.864,379.752,5
-9.65365,-128.404,5
215.102,-74.0784,5
403.299,-129.818,5
475.672,-117.554,5
-228.784,-108.455,5
-427.192,-112.673,5
-508.147,-128.873,5
23.2603,118.946,5
204.596,70.3541,5
422.051,79.6588,5
522.884,80.6004,5
-193.985,129.391,5
-374.18,84.7252,5
-502.876,70.1382,5
-28.5698,309.152,5
205.929,270.592,5
370.032,301.396,5
-176.381,281.503,5
-417.603,275.707,5
29.851,-302.986,5
225.681,-315.507,5
425.227,-316.236,5
-228.662,-291.142,5
-370.156,-303.058,5
129.929,-502.069,5
176.503,-518.652,5
387.462,-527.254,5
489.522,-528.111,5
-109.459,-471.53,5
-177.428,-519.761,5
-423.266,-481.061,5
-493.395,-470.736,5
123.67,481.568,5
213.154,473.038,5
419.01,476.792,5
470.023,501.183,5
-120.569,521.838,5
-201.383,470.032,5
-429.27,493.42,5
-515.076,474.063,5
87.6069,-572.679,5
170.05,-601.738,5
-125.193,-616.288,5
-229.279,-593.463,5
-19.7489,622.583,5
124.601,582.83,5
-80.4953,577.206,5

18.1773,-29.9096,5
67.4706,-12.9165,5
165.863,7.72435,5
291.7,34.0016,5
383.407,30.817,5
-134.743,-4.23326,5
-218.502,29.7097,5
-272.06,-21.0796,5
-375.66,-25.1511,5
12.339,-232.753,5
73.9816,-223.41,5
170.821,-180.671,5
296.944,-234.866,5
381.401,-170.351,5
468.21,-214.643,5
-134.524,-194.249,5
-208.37,-233.985,5
-330.694,-183.18,5
-315.296,-168.519,5
-428.411,-220.441,5
-513.619,-232.242,5
30.5512,217.077,5
131.175,215.91,5
231.482,215.293,5
334.978,201.237,5
434.628,205.092,5
496.31,165.195,5
-69.3308,183.136,5
-165.017,198.915,5
-313.372,232.345,5
-291.182,233.871,5
-427.9,221.132,5
-510.48,233.394,5
33.8729,-391.189,5
65.5058,-405.929,5
230.743,-383.27,5
282.741,-369.551,5
394.01,-365.516,5
500.735,-365.008,5
-105.86,-365.494,5
-230.969,-383.692,5
-330.368,-382.599,5
-326.813,-377.504,5
-434.005,-391.716,5
-514.694,-368.234,5
24.898,375.401,5
103.323,365.158,5
206.538,365.616,5
334.29,392.986,5
434.277,392.925,5
473.642,423.027,5
-133.507,410.115,5
-207.983,434.077,5
-301.361,434.974,5
-271.945,379.073,5
-418.028,370,5
-474.174,376.377,5
-11.2626,-133.138,5
217.619,-69.7582,5
403.849,-134.788,5
471.617,-120.48,5
-233.581,-109.864,5
-431.724,-114.786,5
-509.505,-133.685,5
27.137,122.104,5
205.362,65.4131,5
425.726,76.2686,5
526.697,77.3671,5
-192.982,134.289,5
-369.876,82.1794,5
-503.355,65.1612,5
-33.3314,310.678,5
206.918,265.69,5
365.038,301.628,5
-172.444,278.42,5
-420.537,271.658,5
34.8262,-303.484,5
229.961,-318.092,5
429.432,-318.941,5
-233.439,-289.666,5
-365.182,-303.567,5
134.917,-502.414,5
172.587,-521.761,5
385.372,-531.796,5
487.775,-532.796,5
-111.036,-466.785,5
-173.666,-523.055,5
-427.144,-477.905,5
-492.295,-465.859,5
127.615,478.496,5
215.346,468.544,5
422.179,472.924,5
465.027,501.38,5
-123.997,525.478,5
-201.613,465.037,5
-434.148,492.324,5
-517.588,469.74,5
85.5414,-568.126,5
165.059,-602.027,5
-129.392,-619.003,5
-234.159,-592.374,5
-23.0404,626.347,5
128.701,579.968,5
-77.2445,573.407,5

20.7741,-34.1824,5
62.8235,-14.7617,5
160.986,8.82782,5
290.514,38.859,5
381.037,35.2194,5
-139.706,-4.83802,5
-221.145,33.9539,5
-268.068,-24.091,5
-372.183,-28.7442,5
14.1017,-237.432,5
70.2647,-226.755,5
166.653,-177.91,5
296.508,-239.847,5
378.744,-166.115,5
463.669,-216.734,5
-139.456,-193.427,5
-209.565,-238.839,5
-335.078,-180.777,5
-317.481,-164.022,5
-432.469,-223.361,5
-515.565,-236.848,5
34.9157,219.516,5
135.628,218.183,5
235.98,217.478,5
339.975,201.414,5
439.574,205.82,5
495.782,160.223,5
-64.9494,180.727,5
-160.019,198.76,5
-315.282,236.966,5
-289.922,238.71,5
-431.886,224.151,5
-511.978,238.165,5
38.7118,-389.931,5
60.5781,-406.776,5
235.135,-380.88,5
280.276,-365.201,5
393.155,-360.59,5
500.84,-360.009,5
-106.698,-360.565,5
-235.393,-381.363,5
-334.706,-380.113,5
-330.644,-374.291,5
-438.863,-390.532,5
-516.794,-363.696,5
28.4549,371.887,5
103.798,360.181,5
207.471,360.704,5
339.189,391.984,5
439.174,391.914,5
469.876,426.317,5
-138.293,411.56,5
-209.123,438.946,5
-301.555,439.97,5
-267.937,376.084,5
-420.604,365.715,5
-470.485,373.003,5
-12.8715,-137.872,5
220.136,-65.4379,5
404.399,-139.757,5
467.563,-123.405,5
-238.378,-111.274,5
-436.256,-116.898,5
-510.863,-138.497,5
31.0137,125.262,5
206.128,60.4722,5
429.401,72.8784,5
530.511,74.1338,5
-191.98,139.188,5
-365.573,79.6336,5
-503.835,60.1843,5
-38.0931,312.203,5
207.906,260.789,5
360.043,301.861,5
-168.508,275.337,5
-423.47,267.61,5
39.8014,-303.981,5
234.242,-320.677,5
433.636,-321.647,5
-238.217,-288.189,5
-360.208,-304.077,5
139.905,-502.759,5
168.671,-524.87,5
383.282,-536.339,5
486.029,-537.481,5
-112.613,-462.041,5
-169.904,-526.348,5
-431.022,-474.748,5
-491.194,-460.981,5
131.56,475.424,5
217.539,464.05,5
425.347,469.056,5
460.031,501.577,5
-127.425,529.118,5
-201.844,460.043,5
-439.026,491.227,5
-520.101,465.417,5
83.4759,-563.573,5
160.067,-602.317,5
-133.591,-621.718,5
-239.039,-591.284,5
-26.3319,630.11,5
132.801,577.107,5
-73.9937,569.608,5

23.3708,-38.4552,5
58.1764,-16.6069,5
156.11,9.9313,5
289.328,43.7163,5
378.667,39.6218,5
-144.67,-5.44277,5
-223.789,38.1982,5
-264.077,-27.1024,5
-368.706,-32.3372,5
15.8644,-242.111,5
66.5477,-230.099,5
162.484,-175.149,5
296.071,-244.828,5
376.087,-161.88,5
459.127,-218.826,5
-144.388,-192.606,5
-210.761,-243.694,5
-339.463,-178.374,5
-319.666,-159.525,5
-436.528,-226.281,5
-517.51,-241.453,5
39.2802,221.956,5
140.082,220.456,5
240.477,219.662,5
344.972,201.591,5
444.521,206.547,5
495.255,155.251,5
-60.5681,178.318,5
-155.022,198.605,5
-317.192,241.586,5
-288.662,243.548,5
-435.872,227.17,5
-513.475,242.935,5
43.5508,-388.672,5
55.6503,-407.623,5
239.526,-378.49,5
277.81,-360.851,5
392.299,-355.664,5
500.944,-355.01,5
-107.535,-355.635,5
-239.817,-379.033,5
-339.044,-377.627,5
-334.474,-371.077,5
-443.721,-389.349,5
-518.893,-359.158,5
32.0117,368.373,5
104.273,355.203,5
208.405,355.792,5
344.087,390.982,5
444.071,390.904,5
466.111,429.606,5
-143.08,413.005,5
-210.264,443.814,5
-301.749,444.966,5
-263.93,373.094,5
-423.179,361.429,5
-466.795,369.628,5
-14.4805,-142.607,5
222.653,-61.1177,5
404.949,-144.727,5
463.508,-126.331,5
-243.176,-112.683,5
-440.788,-119.01,5
-512.221,-143.309,5
34.8905,128.419,5
206.894,55.5312,5
433.076,69.4882,5
534.325,70.9006,5
-190.977,144.086,5
-361.27,77.0878,5
-504.314,55.2073,5
-42.8547,313.729,5
208.894,255.888,5
355.049,302.094,5
-164.571,272.255,5
-426.404,263.561,5
44.7766,-304.479,5
238.522,-323.261,5
437.841,-324.353,5
-242.994,-286.713,5
-355.234,-304.587,5
144.893,-503.104,5
164.755,-527.979,5
381.192,-540.881,5
484.283,-542.166,5
-114.189,-457.296,5
-166.142,-529.642,5
-434.899,-471.592,5
-490.093,-456.104,5
135.505,472.352,5
219.731,459.556,5
428.515,465.188,5
455.035,501.774,5
-130.853,532.758,5
-202.074,455.048,5
-443.904,490.13,5
-522.614,461.095,5
81.4104,-559.019,5
155.076,-602.606,5
-137.79,-624.433,5
-243.919,-590.195,5
-29.6234,633.874,5
136.901,574.245,5
-70.743,565.809,5

25.9676,-42.728,5
53.5294,-18.4521,5
151.233,11.0348,5
288.143,48.5737,5
376.296,44.0243,5
-149.633,-6.04752,5
-226.432,42.4424,5
-260.086,-30.1138,5
-365.229,-35.9302,5
17.6271,-246.79,5
62.8308,-233.443,5
158.316,-172.388,5
295.635,-249.809,5
373.43,-157.644,5
454.586,-220.918,5
-149.32,-191.784,5
-211.957,-248.549,5
-343.848,-175.972,5
-321.851,-155.028,5
-440.587,-229.201,5
-519.456,-246.059,5
43.6446,224.396,5
144.535,222.729,5
244.975,221.847,5
349.969,201.767,5
449.468,207.275,5
494.728,150.279,5
-56.1868,175.908,5
-150.024,198.45,5
-319.102,246.207,5
-287.403,248.387,5
-439.858,230.189,5
-514.972,247.706,5
48.3898,-387.413,5
50.7226,-408.47,5
243.918,-376.1,5
275.345,-356.501,5
391.443,-350.738,5
501.049,-350.011,5
-108.372,-350.706,5
-244.241,-376.703,5
-343.383,-375.141,5
-338.304,-367.863,5
-448.579,-388.165,5
-520.992,-354.62,5
35.5686,364.859,5
104.747,350.226,5
209.339,350.88,5
348.986,389.98,5
448.968,389.893,5
462.345,432.896,5
-147.867,414.449,5
-211.404,448.682,5
-301.944,449.962,5
-259.922,370.105,5
-425.754,357.143,5
-463.106,366.254,5
-16.0894,-147.341,5
225.17,-56.7974,5
405.499,-149.697,5
459.453,-129.257,5
-247.973,-114.092,5
-445.319,-121.122,5
-513.578,-148.121,5
38.7672,131.577,5
207.66,50.5902,5
436.751,66.098,5
538.139,67.6673,5
-189.974,148.985,5
-356.966,74.542,5
-504.794,50.2303,5
-47.6163,315.254,5
209.882,250.986,5
350.054,302.326,5
-160.635,269.172,5
-429.338,259.512,5
49.7517,-304.977,5
242.802,-325.846,5
442.045,-327.059,5
-247.771,-285.237,5
-350.26,-305.096,5
149.881,-503.448,5
160.839,-531.087,5
379.103,-545.424,5
482.536,-546.851,5
-115.766,-452.551,5
-162.38,-532.935,5
-438.777,-468.435,5
-488.992,-451.227,5
139.449,469.28,5
221.923,455.063,5
431.684,461.32,5
450.039,501.971,5
-134.282,536.397,5
-202.304,450.053,5
-448.783,489.034,5
-525.126,456.772,5
79.3449,-554.466,5
150.084,-602.896,5
-141.988,-627.147,5
-248.799,-589.105,5
-32.9148,637.638,5
141.001,571.383,5
-67.4922,562.01,5

28.5644,-47.0008,5
48.8823,-20.2973,5
146.356,12.1383,5
286.957,53.4311,5
373.926,48.4267,5
-154.596,-6.65227,5
-229.075,46.6866,5
-256.094,-33.1251,5
-361.752,-39.5232,5
19.3898,-251.469,5
59.1139,-236.788,5
154.148,-169.626,5
295.198,-254.79,5
370.773,-153.409,5
450.045,-223.01,5
-154.252,-190.962,5
-213.152,-253.404,5
-348.233,-173.569,5
-324.037,-150.53,5
-444.645,-232.122,5
-521.401,-250.665,5
48.0091,226.835,5
148.989,225.002,5
249.472,224.032,5
354.966,201.944,5
454.415,208.002,5
494.201,145.307,5
-51.8055,173.499,5
-145.026,198.295,5
-321.013,250.828,5
-286.143,253.226,5
-443.843,233.208,5
-516.469,252.476,5
53.2288,-386.155,5
45.7949,-409.317,5
248.31,-373.71,5
272.879,-352.152,5
390.588,-345.811,5
501.154,-345.012,5
-109.209,-345.776,5
-248.665,-374.374,5
-347.721,-372.655,5
-342.135,-364.65,5
-453.437,-386.982,5
-523.091,-350.082,5
39.1254,361.345,5
105.222,345.248,5
210.273,345.968,5
353.884,388.978,5
453.865,388.882,5
458.58,436.185,5
-152.653,415.894,5
-212.545,453.55,5
-302.138,454.958,5
-255.914,367.115,5
-428.33,352.857,5
-459.416,362.879,5
-17.6984,-152.075,5
227.687,-52.4771,5
406.049,-154.666,5
455.399,-132.183,5
-252.77,-115.501,5
-449.851,-123.234,5
-514.936,-152.933,5
42.6439,134.735,5
208.426,45.6492,5
440.426,62.7078,5
541.953,64.434,5
-188.972,153.883,5
-352.663,71.9962,5
-505.273,45.2533,5
-52.378,316.779,5
210.871,246.085,5
345.06,302.559,5
-156.698,266.089,5
-432.272,255.463,5
54.7269,-305.474,5
247.082,-328.43,5
446.25,-329.765,5
-252.548,-283.76,5
-345.286,-305.606,5
154.869,-503.793,5
156.923,-534.196,5
377.013,-549.966,5
480.79,-551.536,5
-117.342,-447.806,5
-158.618,-536.229,5
-442.655,-465.279,5
-487.892,-446.349,5
143.394,466.208,5
224.116,450.569,5
434.852,457.452,5
445.043,502.168,5
-137.71,540.037,5
-202.535,445.058,5
-453.661,487.937,5
-527.639,452.449,5
77.2794,-549.912,5
145.092,-603.186,5
-146.187,-629.862,5
-253.678,-588.016,5
-36.2063,641.402,5
145.101,568.522,5
-64.2414,558.211,5

31.1611,-51.2736,5
44.2352,-22.1425,5
141.479,13.2417,5
285.771,58.2884,5
371.556,52.8291,5
-159.56,-7.25702,5
-231.718,50.9309,5
-252.103,-36.1365,5
-358.275,-43.1163,5
21.1525,-256.148,5
55.397,-240.132,5
149.979,-166.865,5
294.762,-259.771,5
368.115,-149.173,5
445.503,-225.102,5
-159.184,-190.141,5
-214.348,-258.259,5
-352.617,-171.166,5
-326.222,-146.033,5
-448.704,-235.042,5
-523.347,-255.271,5
52.3736,229.275,5
153.443,227.275,5
253.969,226.216,5
359.963,202.121,5
459.362,208.73,5
493.674,140.334,5
-47.4241,171.09,5
-140.029,198.14,5
-322.923,255.449,5
-284.883,258.064,5
-447.829,236.227,5
-517.966,257.247,5
58.0678,-384.896,5
40.8671,-410.164,5
252.702,-371.32,5
270.414,-347.802,5
389.732,-340.885,5
501.259,-340.013,5
-110.046,-340.847,5
-253.089,-372.044,5
-352.059,-370.17,5
-345.965,-361.436,5
-458.295,-385.798,5
-525.191,-345.544,5
42.6823,357.831,5
105.697,340.271,5
211.207,341.056,5
358.783,387.976,5
458.761,387.872,5
454.814,439.475,5
-157.44,417.339,5
-213.685,458.419,5
-302.332,459.955,5
-251.906,364.125,5
-430.905,348.572,5
-455.727,359.504,5
-19.3073,-156.809,5
230.204,-48.1569,5
406.598,-159.636,5
451.344,-135.108,5
-257.568,-116.91,5
-454.383,-125.347,5
-516.294,-157.745,5
46.5206,137.892,5
209.192,40.7082,5
444.101,59.3176,5
545.767,61.2008,5
-187.969,158.781,5
-348.36,69.4504,5
-505.752,40.2764,5
-57.1396,318.305,5
211.859,241.184,5
340.065,302.791,5
-152.762,263.006,5
-435.206,251.414,5
59.7021,-305.972,5
251.362,-331.015,5
450.454,-332.471,5
-257.325,-282.284,5
-340.312,-306.116,5
159.857,-504.138,5
153.007,-537.305,5
374.923,-554.508,5
479.044,-556.221,5
-118.919,-443.061,5
-154.856,-539.522,5
-446.532,-462.122,5
-486.791,-441.472,5
147.339,463.136,5
226.308,446.075,5
438.021,453.584,5
440.047,502.365,5
-141.138,543.677,5
-202.765,440.064,5
-458.539,486.84,5
-530.151,448.126,5
75.2139,-545.359,5
140.101,-603.475,5
-150.386,-632.577,5
-258.558,-586.926,5
-39.4978,645.166,5
149.201,565.66,5
-60.9906,554.412,5

33.7579,-55.5464,5
39.5882,-23.9877,5
136.603,14.3452,5
284.585,63.1458,5
369.185,57.2315,5
-164.523,-7.86178,5
-234.361,55.1751,5
-248.111,-39.1479,5
-354.798,-46.7093,5
22.9152,-260.827,5
51.6801,-243.476,5
145.811,-164.104,5
294.325,-264.752,5
365.458,-144.937,5
440.962,-227.193,5
-164.116,-189.319,5
-215.544,-263.114,5
-357.002,-168.763,5
-328.407,-141.536,5
-452.763,-237.962,5
-525.293,-259.877,5
56.738,231.714,5
157.896,229.547,5
258.467,228.401,5
364.959,202.297,5
464.308,209.457,5
493.147,135.362,5
-43.0428,168.681,5
-135.031,197.985,5
-324.833,260.069,5
-283.623,262.903,5
-451.815,239.245,5
-519.463,262.018,5
62.9067,-383.637,5
35.9394,-411.011,5
257.094,-368.93,5
267.948,-343.452,5
388.876,-335.959,5
501.364,-335.014,5
-110.884,-335.918,5
-257.513,-369.714,5
-356.397,-367.684,5
-349.796,-358.222,5
-463.153,-384.615,5
-527.29,-341.006,5
46.2391,354.317,5
106.172,335.294,5
212.141,336.144,5
363.681,386.974,5
463.658,386.861,5
451.049,442.764,5
-162.227,418.784,5
-214.825,463.287,5
-302.527,464.951,5
-247.898,361.136,5
-433.481,344.286,5
-452.038,356.13,5
-20.9162,-161.543,5
232.721,-43.8366,5
407.148,-164.606,5
447.289,-138.034,5
-262.365,-118.319,5
-458.915,-127.459,5
-517.652,-162.557,5
50.3973,141.05,5
209.958,35.7673,5
447.777,55.9274,5
549.581,57.9675,5
-186.967,163.68,5
-344.056,66.9046,5
-506.232,35.2994,5
-61.9012,319.83,5
212.847,236.282,5
335.07,303.024,5
-148.825,259.923,5
-438.139,247.366,5
64.6772,-306.469,5
255.642,-333.599,5
454.659,-335.177,5
-262.102,-280.807,5
-335.339,-306.625,5
164.845,-504.483,5
149.091,-540.414,5
372.833,-559.051,5
477.297,-560.906,5
-120.495,-438.316,5
-151.094,-542.816,5
-450.41,-458.966,5
-485.69,-436.595,5
151.284,460.064,5
228.5,441.581,5
441.189,449.716,5
435.051,502.562,5
-144.566,547.317,5
-202.996,435.069,5
-463.417,485.744,5
-532.664,443.803,5
73.1483,-540.806,5
135.109,-603.765,5
-154.585,-635.292,5
-263.438,-585.837,5
-42.7893,648.929,5
153.301,562.798,5
-57.7398,550.613,5

36.3547,-59.8192,5
34.9411,-25.8329,5
131.726,15.4487,5
283.4,68.0032,5
366.815,61.634,5
-169.486,-8.46653,5
-237.005,59.4194,5
-244.12,-42.1593,5
-351.321,-50.3023,5
24.678,-265.506,5
47.9632,-246.821,5
141.642,-161.343,5
293.889,-269.733,5
362.801,-140.702,5
436.42,-229.285,5
-169.048,-188.498,5
-216.739,-267.969,5
-361.387,-166.36,5
-330.592,-137.039,5
-456.821,-240.882,5
-527.238,-264.483,5
61.1025,234.154,5
162.35,231.82,5
262.964,230.586,5
369.956,202.474,5
469.255,210.185,5
492.619,130.39,5
-38.6615,166.272,5
-130.034,197.83,5
-326.743,264.69,5
-282.364,267.742,5
-455.801,242.264,5
-520.961,266.788,5
67.7457,-382.379,5
31.0116,-411.858,5
261.485,-366.54,5
265.483,-339.102,5
388.021,-331.033,5
501.469,-330.015,5
-111.721,-330.988,5
-261.937,-367.385,5
-360.736,-365.198,5
-353.626,-355.009,5
-468.011,-383.431,5
-529.389,-336.468,5
49.796,350.803,5
106.646,330.316,5
213.075,331.232,5
368.58,385.972,5
468.555,385.85,5
447.284,446.054,5
-167.013,420.229,5
-215.966,468.155,5
-302.721,469.947,5
-243.891,358.146,5
-436.056,340,5
-448.348,352.755,5
-22.5252,-166.277,5
235.238,-39.5164,5
407.698,-169.575,5
443.235,-140.96,5
-267.162,-119.729,5
-463.447,-129.571,5
-519.01,-167.369,5
54.274,144.208,5
210.724,30.8263,5
451.452,52.5372,5
553.395,54.7342,5
-185.964,168.578,5
-339.753,64.3588,5
-506.711,30.3224,5
-66.6629,321.356,5
213.835,231.381,5
330.076,303.257,5
-144.889,256.841,5
-441.073,243.317,5
69.6524,-306.967,5
259.923,-336.184,5
458.863,-337.883,5
-266.879,-279.331,5
-330.365,-307.135,5
169.833,-504.828,5
145.175,-543.522,5
370.744,-563.593,5
475.551,-565.591,5
-122.072,-433.571,5
-147.332,-546.11,5
-454.288,-455.809,5
-484.589,-431.717,5
155.229,456.992,5
230.693,437.088,5
444.357,445.848,5
430.054,502.759,5
-147.994,550.956,5
-203.226,430.074,5
-468.296,484.647,5
-535.177,439.481,5
71.0828,-536.252,5
130.118,-604.054,5
-158.784,-638.006,5
-268.318,-584.747,5
-46.0808,652.693,5
157.401,559.937,5
-54.489,546.814,5

38.9514,-64.092,5
30.2941,-27.6782,5
126.849,16.5522,5
282.214,72.8605,5
364.444,66.0364,5
-174.449,-9.07128,5
-239.648,63.6636,5
-240.128,-45.1706,5
-347.844,-53.8953,5
26.4407,-270.185,5
44.2462,-250.165,5
137.474,-158.581,5
293.452,-274.714,5
360.144,-136.466,5
431.879,-231.377,5
-173.981,-187.676,5
-217.935,-272.824,5
-365.772,-163.957,5
-332.777,-132.541,5
-460.88,-243.802,5
-529.184,-269.089,5
65.4669,236.593,5
166.803,234.093,5
267.462,232.771,5
374.953,202.651,5
474.202,210.912,5
492.092,125.418,5
-34.2802,163.863,5
-125.036,197.675,5
-328.653,269.311,5
-281.104,272.581,5
-459.787,245.283,5
-522.458,271.559,5
72.5847,-381.12,5
26.0839,-412.705,5
265.877,-364.151,5
263.017,-334.752,5
387.165,-326.106,5
501.574,-325.017,5
-112.558,-326.059,5
-266.362,-365.055,5
-365.074,-362.712,5
-357.457,-351.795,5
-472.869,-382.248,5
-531.488,-331.93,5
53.3529,347.289,5
107.121,325.339,5
214.009,326.32,5
373.479,384.97,5
473.452,384.84,5
443.518,449.344,5
-171.8,421.674,5
-217.106,473.023,5
-302.916,474.943,5
-239.883,355.157,5
-438.632,335.715,5
-444.659,349.38,5
-24.1341,-171.011,5
237.755,-35.1961,5
408.248,-174.545,5
439.18,-143.885,5
-271.96,-121.138,5
-467.979,-131.683,5
-520.368,-172.181,5
58.1508,147.365,5
211.49,25.8853,5
455.127,49.1469,5
557.209,51.501,5
-184.962,173.477,5
-335.45,61.813,5
-507.19,25.3455,5
-71.4245,322.881,5
214.824,226.48,5
325.081,303.489,5
-140.952,253.758,5
-444.007,239.268,5
74.6276,-307.465,5
264.203,-338.768,5
463.068,-340.589,5
-271.656,-277.855,5
-325.391,-307.645,5
174.821,-505.173,5
141.259,-546.631,5
368.654,-568.135,5
473.804,-570.277,5
-123.649,-428.826,5
-143.57,-549.403,5
-458.165,-452.653,5
-483.489,-426.84,5
159.174,453.919,5
232.885,432.594,5
447.526,441.98,5
425.058,502.957,5
-151.422,554.596,5
-203.457,425.08,5
-473.174,483.551,5
-537.689,435.158,5
69.0173,-531.699,5
125.126,-604.344,5
-162.983,-640.721,5
-273.198,-583.658,5
-49.3723,656.457,5
161.502,557.075,5
-51.2383,543.015,5

41.5482,-68.3648,5
25.647,-29.5234,5
121.973,17.6556,5
281.028,77.7179,5
362.074,70.4388,5
-179.413,-9.67603,5
-242.291,67.9079,5
-236.137,-48.182,5
-344.366,-57.4883,5
28.2034,-274.864,5
40.5293,-253.509,5
133.306,-155.82,5
293.016,-279.695,5
357.487,-132.231,5
427.338,-233.469,5
-178.913,-186.854,5
-219.131,-277.679,5
-370.157,-161.555,5
-334.962,-128.044,5
-464.939,-246.722,5
-531.129,-273.695,5
69.8314,239.033,5
171.257,236.366,5
271.959,234.955,5
379.95,202.828,5
479.149,211.64,5
491.565,120.446,5
-29.8989,161.454,5
-120.038,197.52,5
-330.564,273.931,5
-279.844,277.419,5
-463.772,248.302,5
-523.955,276.329,5
77.4237,-379.861,5
21.1561,-413.552,5
270.269,-361.761,5
260.552,-330.402,5
386.309,-321.18,5
501.679,-320.018,5
-113.395,-321.129,5
-270.786,-362.726,5
-369.412,-360.226,5
-361.287,-348.581,5
-477.727,-381.064,5
-533.587,-327.392,5
56.9097,343.775,5
107.596,320.361,5
214.943,321.408,5
378.377,383.968,5
478.349,383.829,5
439.753,452.633,5
-176.587,423.119,5
-218.247,477.891,5
-303.11,479.94,5
-235.875,352.167,5
-441.207,331.429,5
-440.969,346.006,5
-25.7431,-175.745,5
240.272,-30.8758,5
408.798,-179.515,5
435.125,-146.811,5
-276.757,-122.547,5
-472.511,-133.795,5
-521.726,-176.993,5
62.0275,150.523,5
212.256,20.9443,5
458.802,45.7567,5
561.023,48.2677,5
-183.959,178.375,5
-331.146,59.2672,5
-507.67,20.3685,5
-76.1861,324.406,5
215.812,221.578,5
320.087,303.722,5
-137.016,250.675,5
-446.941,235.219,5
79.6028,-307.962,5
268.483,-341.353,5
467.272,-343.295,5
-276.433,-276.378,5
-320.417,-308.154,5
179.81,-505.518,5
137.343,-549.74,5
366.564,-572.678,5
472.058,-574.962,5
-125.225,-424.081,5
-139.808,-552.697,5
-462.043,-449.496,5
-482.388,-421.963,5
163.119,450.847,5
235.077,428.1,5
450.694,438.112,5
420.062,503.154,5
-154.851,558.236,5
-203.687,420.085,5
-478.052,482.454,5
-540.202,430.835,5
66.9518,-527.145,5
120.134,-604.634,5
-167.181,-643.436,5
-278.078,-582.568,5
-52.6637,660.221,5
165.602,554.213,5
-47.9875,539.216,5

44.1449,-72.6376,5
20.9999,-31.3686,5
117.096,18.7591,5
279.843,82.5753,5
359.704,74.8413,5
-184.376,-10.2808,5
-244.934,72.1521,5
-232.145,-51.1934,5
-340.889,-61.0814,5
29.9661,-279.543,5
36.8124,-256.854,5
129.137,-153.059,5
292.579,-284.675,5
354.83,-127.995,5
422.796,-235.561,5
-183.845,-186.033,5
-220.326,-282.534,5
-374.541,-159.152,5
-337.148,-123.547,5
-468.997,-249.642,5
-533.075,-278.301,5
74.1959,241.473,5
175.71,238.639,5
276.457,237.14,5
384.947,203.004,5
484.096,212.367,5
491.038,115.474,5
-25.5175,159.044,5
-115.041,197.365,5
-332.474,278.552,5
-278.584,282.258,5
-467.758,251.321,5
-525.452,281.1,5
82.2627,-378.602,5
16.2284,-414.399,5
274.661,-359.371,5
258.086,-326.053,5
385.454,-316.254,5
501.784,-315.019,5
-114.232,-316.2,5
-275.21,-360.396,5
-373.75,-357.74,5
-365.118,-345.368,5
-482.585,-379.881,5
-535.687,-322.854,5
60.4666,340.261,5
108.071,315.384,5
215.877,316.496,5
383.276,382.966,5
483.245,382.818,5
435.987,455.923,5
-181.373,424.564,5
-219.387,482.76,5
-303.304,484.936,5
-231.867,349.178,5
-443.783,327.143,5
-437.28,342.631,5
-27.352,-180.479,5
242.789,-26.5556,5
409.348,-184.484,5
431.071,-149.737,5
-281.554,-123.956,5
-477.043,-135.908,5
-523.083,-181.806,5
65.9042,153.681,5
213.022,16.0033,5
462.477,42.3665,5
564.837,45.0344,5
-182.957,183.274,5
-326.843,56.7214,5
-508.149,15.3915,5
-80.9478,325.932,5
216.8,216.677,5
315.092,303.954,5
-133.079,247.592,5
-449.875,231.17,5
84.5779,-308.46,5
272.763,-343.938,5
471.477,-346.001,5
-281.21,-274.902,5
-315.443,-308.664,5
184.798,-505.862,5
133.426,-552.849,5
364.474,-577.22,5
470.312,-579.647,5
-126.802,-419.336,5
-136.046,-555.99,5
-465.921,-446.34,5
-481.287,-417.085,5
167.064,447.775,5
237.27,423.607,5
453.863,434.244,5
415.066,503.351,5
-158.279,561.876,5
-203.918,415.09,5
-482.93,481.357,5
-542.714,426.512,5
64.8863,-522.592,5
115.143,-604.923,5
-171.38,-646.15,5
-282.958,-581.479,5
-55.9552,663.984,5
169.702,551.352,5
-44.7367,535.417,5

46.7417,-76.9104,5
16.3529,-33.2138,5
112.219,19.8626,5
278.657,87.4327,5
357.333,79.2437,5
-189.339,-10.8855,5
-247.577,76.3963,5
-228.154,-54.2048,5
-337.412,-64.6744,5
31.7288,-284.222,5
33.0955,-260.198,5
124.969,-150.298,5
292.143,-289.656,5
352.173,-123.76,5
418.255,-237.652,5
-188.777,-185.211,5
-221.522,-287.389,5
-378.926,-156.749,5
-339.333,-119.05,5
-473.056,-252.563,5
-535.02,-282.907,5
78.5603,243.912,5
180.164,240.912,5
280.954,239.325,5
389.944,203.181,5
489.042,213.095,5
490.511,110.502,5
-21.1362,156.635,5
-110.043,197.21,5
-334.384,283.173,5
-277.325,287.097,5
-471.744,254.34,5
-526.949,285.87,5
87.1016,-377.344,5
11.3007,-415.246,5
279.053,-356.981,5
255.621,-321.703,5
384.598,-311.328,5
501.889,-310.02,5
-115.07,-311.271,5
-279.634,-358.066,5
-378.089,-355.254,5
-368.948,-342.154,5
-487.443,-378.697,5
-537.786,-318.316,5
64.0234,336.747,5
108.545,310.407,5
216.811,311.584,5
388.174,381.964,5
488.142,381.808,5
432.222,459.212,5
-186.16,426.009,5
-220.527,487.628,5
-303.499,489.932,5
-227.859,346.188,5
-446.358,322.858,5
-433.591,339.256,5
-28.9609,-185.213,5
245.306,-22.2353,5
409.898,-189.454,5
427.016,-152.662,5
-286.352,-125.365,5
-481.575,-138.02,5
-524.441,-186.618,5
69.7809,156.839,5
213.788,11.0624,5
466.152,38.9763,5
568.651,41.8012,5
-181.954,188.172,5
-322.54,54.1756,5
-508.628,10.4146,5
-85.7094,327.457,5
217.788,211.775,5
310.097,304.187,5
-129.143,244.509,5
-452.808,227.122,5
89.5531,-308.958,5
277.043,-346.522,5
475.681,-348.707,5
-285.987,-273.426,5
-310.469,-309.174,5
189.786,-506.207,5
129.51,-555.957,5
362.385,-581.762,5
468.565,-584.332,5
-128.378,-414.591,5
-132.284,-559.284,5
-469.799,-443.183,5
-480.186,-412.208,5
171.009,444.703,5
239.462,419.113,5
457.031,430.376,5
410.07,503.548,5
-161.707,565.515,5
-204.148,410.096,5
-487.809,480.261,5
-545.227,422.189,5
62.8208,-518.038,5
110.151,-605.213,5
-175.579,-648.865,5
-287.837,-580.389,5
-59.2467,667.748,5
173.802,548.49,5
-41.4859,531.618,5

49.3385,-81.1832,5
11.7058,-35.059,5
107.342,20.9661,5
277.471,92.29,5
354.963,83.6461,5
-194.303,-11.4903,5
-250.22,80.6406,5
-224.163,-57.2162,5
-333.935,-68.2674,5
33.4915,-288.901,5
29.3786,-263.542,5
120.8,-147.537,5
291.706,-294.637,5
349.516,-119.524,5
413.713,-239.744,5
-193.709,-184.39,5
-222.718,-292.244,5
-383.311,-154.346,5
-341.518,-114.553,5
-477.115,-255.483,5
-536.966,-287.513,5
82.9248,246.352,5
184.617,243.185,5
285.452,241.509,5
394.941,203.358,5
493.989,213.822,5
489.983,105.53,5
-16.7549,154.226,5
-105.046,197.055,5
-336.294,287.794,5
-276.065,291.935,5
-475.73,257.359,5
-528.447,290.641,5
91.9406,-376.085,5
6.37292,-416.093,5
283.445,-354.591,5
253.155,-317.353,5
383.742,-306.401,5
501.994,-305.021,5
-115.907,-306.341,5
-284.058,-355.737,5
-382.427,-352.768,5
-372.778,-338.94,5
-492.3,-377.514,5
-539.885,-313.778,5
67.5803,333.232,5
109.02,305.429,5
217.745,306.672,5
393.073,380.962,5
493.039,380.797,5
428.456,462.502,5
-190.947,427.454,5
-221.668,492.496,5
-303.693,494.928,5
-223.851,343.199,5
-448.933,318.572,5
-429.901,335.882,5
-30.5699,-189.947,5
247.823,-17.9151,5
410.447,-194.424,5
422.961,-155.588,5
-291.149,-126.775,5
-486.107,-140.132,5
-525.799,-191.43,5
73.6576,159.996,5
214.554,6.12139,5
469.827,35.5861,5
572.464,38.5679,5
-180.951,193.071,5
-318.236,51.6298,5
-509.108,5.4376,5
-90.471,328.983,5
218.777,206.874,5
305.103,304.42,5
-125.206,241.426,5
-455.742,223.073,5
94.5283,-309.455,5
281.324,-349.107,5
479.886,-351.412,5
-290.764,-271.949,5
-305.495,-309.683,5
194.774,-506.552,5
125.594,-559.066,5
360.295,-586.305,5
466.819,-589.017,5
-129.955,-409.846,5
-128.522,-562.577,5
-473.676,-440.027,5
-479.085,-407.331,5
174.954,441.631,5
241.654,414.619,5
460.199,426.508,5
405.074,503.745,5
-165.135,569.155,5
-204.379,405.101,5
-492.687,479.164,5
-547.74,417.866,5
60.7553,-513.485,5
105.159,-605.502,5
-179.778,-651.58,5
-292.717,-579.3,5
-62.5382,671.512,5
177.902,545.628,5
-38.2351,527.819,5

51.9352,-85.456,5
7.05873,-36.9042,5
102.466,22.0696,5
276.285,97.1474,5
352.593,88.0485,5
-199.266,-12.095,5
-252.864,84.8848,5
-220.171,-60.2275,5
-330.458,-71.8604,5
35.2542,-293.58,5
25.6616,-266.887,5
116.632,-144.775,5
291.27,-299.618,5
346.859,-115.288,5
409.172,-241.836,5
-198.641,-183.568,5
-223.913,-297.099,5
-387.696,-151.943,5
-343.703,-110.055,5
-481.173,-258.403,5
-538.912,-292.119,5
87.2893,248.791,5
189.071,245.458,5
289.949,243.694,5
399.938,203.535,5
498.936,214.549,5
489.456,100.557,5
-12.3736,151.817,5
-100.048,196.9,5
-338.205,292.414,5
-274.805,296.774,5
-479.715,260.378,5
-529.944,295.412,5
96.7796,-374.826,5
1.44518,-416.94,5
287.836,-352.201,5
250.69,-313.003,5
382.887,-301.475,5
502.099,-300.022,5
-116.744,-301.412,5
-288.482,-353.407,5
-386.765,-350.283,5
-376.609,-335.727,5
-497.158,-376.33,5
-541.984,-309.24,5
71.1371,329.718,5
109.495,300.452,5
218.679,301.76,5
397.971,379.96,5
497.936,379.786,5
424.691,465.791,5
-195.733,428.899,5
-222.808,497.364,5
-303.887,499.924,5
-219.844,340.209,5
-451.509,314.286,5
-426.212,332.507,5
-32.1788,-194.681,5
250.34,-13.5948,5
410.997,-199.393,5
418.907,-158.514,5
-295.946,-128.184,5
-490.639,-142.244,5
-527.157,-196.242,5
77.5343,163.154,5
215.32,1.18041,5
473.502,32.1959,5
576.278,35.3346,5
-179.949,197.969,5
-313.933,49.084,5
-509.587,0.460626,5
-95.2327,330.508,5
219.765,201.973,5
300.108,304.652,5
-121.27,238.344,5
-458.676,219.024,5
99.5035,-309.953,5
285.604,-351.691,5
484.09,-354.118,5
-295.541,-270.473,5
-300.521,-310.193,5
199.762,-506.897,5
121.678,-562.175,5
358.205,-590.847,5
465.073,-593.702,5
-131.531,-405.101,5
-124.76,-565.871,5
-477.554,-436.87,5
-477.985,-402.453,5
178.899,438.559,5
243.847,410.125,5
463.368,422.64,5
400.078,503.942,5
-168.563,572.795,5
-204.609,400.106,5
-497.565,478.067,5
-550.252,413.544,5
58.6898,-508.932,5
100.168,-605.792,5
-183.977,-654.295,5
-297.597,-578.21,5
-65.8297,675.276,5
182.002,542.767,5
-34.9843,524.02,5

49.2978,-81.2082,5
2.98844,-39.8081,5
105.057,26.3456,5
278.381,101.687,5
352.424,93.0457,5
-204.134,-10.9526,5
-249.333,81.3443,5
-223.685,-63.7846,5
-332.186,-76.5525,5
39.7445,-291.38,5
26.9554,-271.716,5
112.635,-141.771,5
289.111,-304.128,5
342.305,-117.352,5
407.287,-246.467,5
-202.783,-180.768,5
-219.047,-298.245,5
-384.911,-156.096,5
-345.838,-114.577,5
-484.684,-261.963,5
-533.914,-292.288,5
87.7606,253.769,5
194.069,245.33,5
291.399,248.479,5
396.865,199.59,5
494.165,213.053,5
484.678,99.0833,5
-9.29982,155.761,5
-103.674,200.342,5
-339.764,287.664,5
-269.806,296.881,5
-481.785,264.929,5
-534.314,292.982,5
92.3172,-372.571,5
-3.52812,-417.456,5
292.367,-350.086,5
246.873,-316.233,5
387.877,-301.163,5
498.639,-296.412,5
-120.095,-305.123,5
-283.956,-355.532,5
-387.252,-355.259,5
-371.72,-334.679,5
-502.072,-375.402,5
-546.706,-307.596,5
71.1085,334.718,5
114.468,300.97,5
217.67,306.657,5
400.002,375.391,5
495.975,375.187,5
427.954,469.58,5
-200.183,426.619,5
-222.615,492.368,5
-302.168,504.62,5
-224.033,337.479,5
-447.213,311.728,5
-421.268,333.257,5
-28.4752,-198.04,5
245.486,-12.3968,5
414.072,-203.336,5
415.406,-154.944,5
-296.597,-123.226,5
-488.409,-137.769,5
-527.095,-201.241,5
73.0344,160.974,5
216.286,6.0861,5
470.28,36.0194,5
578.408,39.8583,5
-174.962,198.33,5
-318.721,50.5249,5
-513.009,-3.18545,5
-100.062,329.214,5
219.664,196.974,5
300.907,309.588,5
-126.101,239.632,5
-462.913,221.68,5
103.97,-307.707,5
286.708,-346.815,5
485.051,-359.025,5
-296.551,-275.37,5
-298.446,-305.644,5
203.402,-503.47,5
117.234,-564.465,5
361.78,-594.343,5
461.275,-590.449,5
-136.493,-404.485,5
-120.668,-568.744,5
-481.225,-440.265,5
-475.023,-398.425,5
183.108,441.259,5
241.336,414.449,5
462.506,427.565,5
403.563,507.527,5
-172.978,575.142,5
-208.4,403.367,5
-497.387,483.064,5
-551.562,418.369,5
57.0565,-513.657,5
101.729,-601.042,5
-180.477,-657.866,5
-293.314,-580.789,5
-67.1061,670.442,5
179.321,538.546,5
-32.089,519.944,5

46.6604,-76.9604,5
-1.08185,-42.712,5
107.649,30.6216,5
280.476,106.227,5
352.256,98.0429,5
-209.001,-9.81007,5
-245.803,77.8037,5
-227.199,-67.3416,5
-333.913,-81.2446,5
44.2348,-289.181,5
28.2491,-276.546,5
108.639,-138.766,5
286.953,-308.638,5
337.751,-119.416,5
405.402,-251.098,5
-206.925,-177.967,5
-214.18,-299.391,5
-382.127,-160.249,5
-347.973,-119.098,5
-488.195,-265.523,5
-528.917,-292.456,5
88.2319,258.747,5
199.068,245.203,5
292.85,253.264,5
393.793,195.645,5
489.394,211.557,5
479.901,97.6092,5
-6.22606,159.704,5
-107.301,203.785,5
-341.324,282.913,5
-264.807,296.989,5
-483.854,269.481,5
-538.684,290.553,5
87.8547,-370.316,5
-8.50142,-417.972,5
296.898,-347.971,5
243.056,-319.463,5
392.867,-300.85,5
495.18,-292.802,5
-123.445,-308.834,5
-279.431,-357.658,5
-387.738,-360.235,5
-366.831,-333.632,5
-506.985,-374.475,5
-551.428,-305.951,5
71.0798,339.718,5
119.441,301.487,5
216.662,311.555,5
402.033,370.822,5
494.014,370.587,5
431.216,473.369,5
-204.633,424.339,5
-222.421,487.372,5
-300.449,509.315,5
-228.222,334.75,5
-442.917,309.17,5
-416.325,334.007,5
-24.7715,-201.399,5
240.632,-11.1987,5
417.147,-207.279,5
411.905,-151.374,5
-297.248,-118.269,5
-486.178,-133.294,5
-527.034,-206.241,5
68.5344,158.795,5
217.253,10.9918,5
467.058,39.8428,5
580.538,44.382,5
-169.975,198.69,5
-323.509,51.9658,5
-516.43,-6.83153,5
-104.892,327.92,5
219.563,191.975,5
301.706,314.524,5
-130.932,240.919,5
-467.149,224.335,5
108.437,-305.46,5
287.813,-341.938,5
486.012,-363.932,5
-297.56,-280.267,5
-296.372,-301.094,5
207.043,-500.042,5
112.789,-566.756,5
365.355,-597.838,5
457.478,-587.197,5
-141.455,-403.869,5
-116.575,-571.616,5
-484.895,-443.66,5
-472.062,-394.396,5
187.316,443.958,5
238.825,418.773,5
461.644,432.49,5
407.048,511.113,5
-177.393,577.489,5
-212.191,406.627,5
-497.208,488.061,5
-552.872,423.194,5
55.4233,-518.383,5
103.291,-596.292,5
-176.978,-661.437,5
-289.03,-583.369,5
-68.3824,665.607,5
176.64,534.326,5
-29.1937,515.867,5

44.023,-72.7126,5
-5.15214,-45.616,5
110.24,34.8977,5
282.571,110.767,5
352.087,103.04,5
-213.869,-8.66758,5
-242.272,74.2632,5
-230.713,-70.8987,5
-335.64,-85.9367,5
48.7251,-286.981,5
29.5428,-281.376,5
104.642,-135.762,5
284.794,-313.148,5
333.196,-121.479,5
403.517,-255.729,5
-211.067,-175.167,5
-209.313,-300.537,5
-379.343,-164.402,5
-350.107,-123.619,5
-491.705,-269.083,5
-523.92,-292.625,5
88.7032,263.724,5
204.066,245.076,5
294.3,258.049,5
390.72,191.7,5
484.623,210.062,5
475.123,96.1351,5
-3.1523,163.648,5
-110.927,207.227,5
-342.884,278.163,5
-259.808,297.096,5
-485.923,274.033,5
-543.055,288.124,5
83.3923,-368.06,5
-13.4747,-418.488,5
301.428,-345.856,5
239.239,-322.693,5
397.857,-300.537,5
491.72,-289.192,5
-126.796,-312.545,5
-274.905,-359.784,5
-388.224,-365.211,5
-361.942,-332.585,5
-511.898,-373.547,5
-556.149,-304.306,5
71.0512,344.718,5
124.414,302.005,5
215.654,316.452,5
404.063,366.253,5
492.053,365.988,5
434.479,477.157,5
-209.083,422.059,5
-222.227,482.375,5
-298.73,514.01,5
-232.411,332.02,5
-438.62,306.613,5
-411.381,334.756,5
-21.0679,-204.758,5
235.777,-10.0007,5
420.221,-211.222,5
408.404,-147.803,5
-297.9,-113.311,5
-483.948,-128.819,5
-526.972,-211.241,5
64.0345,156.615,5
218.219,15.8975,5
463.836,43.6663,5
582.668,48.9057,5
-164.988,199.05,5
-328.296,53.4066,5
-519.851,-10.4776,5
-109.722,326.626,5
219.462,186.976,5
302.505,319.46,5
-135.763,242.207,5
-471.385,226.991,5
112.904,-303.214,5
288.917,-337.062,5
486.973,-368.839,5
-298.569,-285.164,5
-294.297,-296.545,5
210.684,-496.615,5
108.345,-569.047,5
368.93,-601.334,5
453.68,-583.944,5
-146.417,-403.253,5
-112.483,-574.489,5
-488.566,-447.055,5
-469.1,-390.368,5
191.525,446.658,5
236.313,423.096,5
460.782,437.416,5
410.533,514.698,5
-181.808,579.835,5
-215.981,409.887,5
-497.029,493.058,5
-554.182,428.02,5
53.79,-523.109,5
104.852,-591.542,5
-173.479,-665.009,5
-284.747,-585.948,5
-69.6588,660.773,5
173.959,530.106,5
-26.2983,511.791,5

41.3855,-68.4647,5
-9.22243,-48.5199,5
112.831,39.1737,5
284.666,115.307,5
351.919,108.037,5
-218.737,-7.5251,5
-238.742,70.7226,5
-234.227,-74.4557,5
-337.368,-90.6288,5
53.2154,-284.782,5
30.8365,-286.205,5
100.645,-132.758,5
282.635,-317.658,5
328.642,-123.543,5
401.632,-260.361,5
-215.209,-172.366,5
-204.446,-301.683,5
-376.559,-168.555,5
-352.242,-128.141,5
-495.216,-272.644,5
-518.923,-292.793,5
89.1744,268.702,5
209.064,244.949,5
295.75,262.834,5
387.648,187.756,5
479.852,208.566,5
470.345,94.661,5
-0.0785427,167.591,5
-114.553,210.67,5
-344.443,273.412,5
-254.81,297.204,5
-487.992,278.585,5
-547.425,285.695,5
78.9298,-365.805,5
-18.448,-419.004,5
305.959,-343.741,5
235.423,-325.923,5
402.848,-300.224,5
488.261,-285.582,5
-130.147,-316.256,5
-270.379,-361.909,5
-388.711,-370.188,5
-357.052,-331.538,5
-516.811,-372.619,5
-560.871,-302.662,5
71.0225,349.718,5
129.387,302.523,5
214.645,321.349,5
406.094,361.684,5
490.092,361.388,5
437.742,480.946,5
-213.533,419.779,5
-222.033,477.379,5
-297.011,518.705,5
-236.6,329.291,5
-434.324,304.055,5
-406.438,335.506,5
-17.3643,-208.117,5
230.923,-8.80266,5
423.296,-215.165,5
404.904,-144.233,5
-298.551,-108.354,5
-481.717,-124.344,5
-526.91,-216.24,5
59.5345,154.436,5
219.186,20.8032,5
460.614,47.4897,5
584.798,53.4294,5
-160.001,199.411,5
-333.084,54.8475,5
-523.273,-14.1237,5
-114.551,325.332,5
219.361,181.977,5
303.304,324.395,5
-140.595,243.495,5
-475.622,229.647,5
117.371,-300.967,5
290.021,-332.185,5
487.934,-373.746,5
-299.578,-290.061,5
-292.223,-291.996,5
214.324,-493.188,5
103.901,-571.337,5
372.505,-604.829,5
449.883,-580.692,5
-151.379,-402.637,5
-108.391,-577.362,5
-492.237,-450.45,5
-466.139,-386.339,5
195.734,449.357,5
233.802,427.42,5
459.92,442.341,5
414.018,518.283,5
-186.223,582.182,5
-219.772,413.147,5
-496.851,498.055,5
-555.493,432.845,5
52.1568,-527.834,5
106.413,-586.792,5
-169.98,-668.58,5
-280.463,-588.527,5
-70.9352,655.938,5
171.277,525.885,5
-23.403,507.714,5

38.7481,-64.2169,5
-13.2927,-51.4238,5
115.423,43.4498,5
286.761,119.847,5
351.75,113.034,5
-223.604,-6.38261,5
-235.211,67.182,5
-237.741,-78.0128,5
-339.095,-95.321,5
57.7056,-282.583,5
32.1302,-291.035,5
96.6484,-129.753,5
280.477,-322.168,5
324.088,-125.607,5
399.747,-264.992,5
-219.352,-169.566,5
-199.579,-302.829,5
-373.774,-172.708,5
-354.377,-132.662,5
-498.727,-276.204,5
-513.926,-292.962,5
89.6457,273.68,5
214.063,244.822,5
297.2,267.619,5
384.576,183.811,5
475.081,207.07,5
465.567,93.1869,5
2.99522,171.535,5
-118.179,214.112,5
-346.003,268.662,5
-249.811,297.311,5
-490.061,283.137,5
-551.795,283.266,5
74.4674,-363.55,5
-23.4213,-419.52,5
310.49,-341.626,5
231.606,-329.152,5
407.838,-299.912,5
484.801,-281.972,5
-133.498,-319.968,5
-265.854,-364.035,5
-389.197,-375.164,5
-352.163,-330.491,5
-521.724,-371.691,5
-565.593,-301.017,5
70.9938,354.718,5
134.36,303.041,5
213.637,326.246,5
408.124,357.115,5
488.131,356.789,5
441.005,484.735,5
-217.983,417.499,5
-221.84,472.383,5
-295.292,523.4,5
-240.789,326.561,5
-430.028,301.497,5
-401.494,336.256,5
-13.6606,-211.476,5
226.068,-7.60463,5
426.371,-219.108,5
401.403,-140.663,5
-299.202,-103.397,5
-479.487,-119.869,5
-526.849,-221.24,5
55.0346,152.256,5
220.152,25.7089,5
457.392,51.3131,5
586.928,57.9531,5
-155.014,199.771,5
-337.872,56.2884,5
-526.694,-17.7698,5
-119.381,324.038,5
219.26,176.978,5
304.103,329.331,5
-145.426,244.783,5
-479.858,232.302,5
121.838,-298.721,5
291.126,-327.309,5
488.894,-378.653,5
-300.587,-294.959,5
-290.148,-287.446,5
217.965,-489.761,5
99.4561,-573.628,5
376.08,-608.325,5
446.085,-577.439,5
-156.341,-402.021,5
-104.298,-580.235,5
-495.908,-453.845,5
-463.177,-382.311,5
199.943,452.056,5
231.291,431.744,5
459.057,447.266,5
417.503,521.869,5
-190.638,584.529,5
-223.563,416.408,5
-496.672,503.051,5
-556.803,437.67,5
50.5235,-532.56,5
107.975,-582.042,5
-166.48,-672.152,5
-276.18,-591.106,5
-72.2116,651.104,5
168.596,521.665,5
-20.5077,503.638,5

36.1107,-59.9691,5
-17.363,-54.3277,5
118.014,47.7258,5
288.856,124.387,5
351.582,118.032,5
-228.472,-5.24012,5
-231.681,63.6415,5
-241.254,-81.5698,5
-340.823,-100.013,5
62.1959,-280.383,5
33.4239,-295.865,5
92.6517,-126.749,5
278.318,-326.678,5
319.534,-127.671,5
397.862,-269.623,5
-223.494,-166.766,5
-194.712,-303.975,5
-370.99,-176.861,5
-356.512,-137.183,5
-502.238,-279.764,5
-508.929,-293.131,5
90.117,278.658,5
219.061,244.695,5
298.651,272.404,5
381.503,179.866,5
470.31,205.574,5
460.79,91.7128,5
6.06897,175.479,5
-121.806,217.554,5
-347.563,263.911,5
-244.812,297.419,5
-492.13,287.688,5
-556.165,280.837,5
70.005,-361.294,5
-28.3946,-420.036,5
315.02,-339.511,5
227.789,-332.382,5
412.828,-299.599,5
481.342,-278.362,5
-136.848,-323.679,5
-261.328,-366.16,5
-389.684,-380.14,5
-347.274,-329.444,5
-526.637,-370.763,5
-570.315,-299.372,5
70.9652,359.718,5
139.334,303.559,5
212.629,331.144,5
410.155,352.545,5
486.17,352.19,5
444.268,488.523,5
-222.433,415.219,5
-221.646,467.387,5
-293.573,528.095,5
-244.979,323.831,5
-425.732,298.939,5
-396.551,337.006,5
-9.95698,-214.835,5
221.214,-6.40659,5
429.445,-223.051,5
397.902,-137.093,5
-299.853,-98.4392,5
-477.257,-115.394,5
-526.787,-226.24,5
50.5346,150.077,5
221.119,30.6146,5
454.17,55.1366,5
589.057,62.4768,5
-150.027,200.131,5
-342.66,57.7293,5
-530.116,-21.4158,5
-124.21,322.743,5
219.16,171.979,5
304.902,334.267,5
-150.257,246.071,5
-484.095,234.958,5
126.305,-296.475,5
292.23,-322.432,5
489.855,-383.559,5
-301.596,-299.856,5
-288.073,-282.897,5
221.605,-486.333,5
95.0117,-575.919,5
379.656,-611.82,5
442.288,-574.186,5
-161.303,-401.405,5
-100.206,-583.107,5
-499.578,-457.24,5
-460.216,-378.282,5
204.151,454.756,5
228.78,436.068,5
458.195,452.191,5
420.988,525.454,5
-195.053,586.876,5
-227.354,419.668,5
-496.493,508.048,5
-558.113,442.496,5
48.8903,-537.286,5
109.536,-577.292,5
-162.981,-675.723,5
-271.896,-593.685,5
-73.4879,646.27,5
165.915,517.445,5
-17.6123,499.562,5

33.4733,-55.7213,5
-21.4333,-57.2316,5
120.606,52.0018,5
290.951,128.926,5
351.414,123.029,5
-233.34,-4.09764,5
-228.15,60.1009,5
-244.768,-85.1269,5
-342.55,-104.705,5
66.6862,-278.184,5
34.7177,-300.695,5
88.655,-123.745,5
276.16,-331.189,5
314.979,-129.734,5
395.978,-274.254,5
-227.636,-163.965,5
-189.845,-305.121,5
-368.206,-181.014,5
-358.647,-141.705,5
-505.748,-283.324,5
-503.932,-293.299,5
90.5883,283.635,5
224.06,244.568,5
300.101,277.189,5
378.431,175.922,5
465.539,204.078,5
456.012,90.2387,5
9.14273,179.422,5
-125.432,220.997,5
-349.123,259.161,5
-239.813,297.526,5
-494.199,292.24,5
-560.536,278.408,5
65.5425,-359.039,5
-33.3679,-420.552,5
319.551,-337.396,5
223.972,-335.612,5
417.818,-299.286,5
477.882,-274.752,5
-140.199,-327.39,5
-256.802,-368.286,5
-390.17,-385.117,5
-342.385,-328.396,5
-531.55,-369.836,5
-575.037,-297.728,5
70.9365,364.718,5
144.307,304.077,5
211.621,336.041,5
412.185,347.976,5
484.209,347.59,5
447.531,492.312,5
-226.883,412.939,5
-221.452,462.39,5
-291.854,532.791,5
-249.168,321.102,5
-421.436,296.381,5
-391.608,337.756,5
-6.25334,-218.194,5
216.36,-5.20856,5
432.52,-226.994,5
394.402,-133.523,5
-300.504,-93.4818,5
-475.026,-110.919,5
-526.725,-231.239,5
46.0347,147.897,5
222.085,35.5203,5
450.948,58.96,5
591.187,67.0005,5
-145.04,200.492,5
-347.448,59.1702,5
-533.537,-25.0619,5
-129.04,321.449,5
219.059,166.98,5
305.701,339.203,5
-155.088,247.359,5
-488.331,237.614,5
130.772,-294.228,5
293.335,-317.556,5
490.816,-388.466,5
-302.606,-304.753,5
-285.999,-278.348,5
225.246,-482.906,5
90.5673,-578.209,5
383.231,-615.316,5
438.49,-570.934,5
-166.265,-400.789,5
-96.1137,-585.98,5
-503.249,-460.635,5
-457.254,-374.253,5
208.36,457.455,5
226.269,440.391,5
457.333,457.116,5
424.473,529.039,5
-199.468,589.223,5
-231.145,422.928,5
-496.315,513.045,5
-559.423,447.321,5
47.257,-542.012,5
111.098,-572.542,5
-159.482,-679.295,5
-267.613,-596.264,5
-74.7643,641.435,5
163.234,513.224,5
-14.717,495.485,5

30.8359,-51.4734,5
-25.5036,-60.1355,5
123.197,56.2779,5
293.046,133.466,5
351.245,128.026,5
-238.208,-2.95515,5
-224.62,56.5604,5
-248.282,-88.6839,5
-344.278,-109.397,5
71.1765,-275.984,5
36.0114,-305.524,5
84.6583,-120.74,5
274.001,-335.699,5
310.425,-131.798,5
394.093,-278.885,5
-231.778,-161.165,5
-184.979,-306.268,5
-365.421,-185.167,5
-360.782,-146.226,5
-509.259,-286.884,5
-498.934,-293.468,5
91.0596,288.613,5
229.058,244.441,5
301.551,281.975,5
375.359,171.977,5
460.768,202.582,5
451.234,88.7646,5
12.2165,183.366,5
-129.058,224.439,5
-350.682,254.41,5
-234.814,297.634,5
-496.268,296.792,5
-564.906,275.978,5
61.0801,-356.784,5
-38.3412,-421.068,5
324.082,-335.281,5
220.155,-338.842,5
422.808,-298.974,5
474.423,-271.142,5
-143.55,-331.101,5
-252.277,-370.411,5
-390.657,-390.093,5
-337.496,-327.349,5
-536.464,-368.908,5
-579.758,-296.083,5
70.9079,369.718,5
149.28,304.594,5
210.612,340.938,5
414.216,343.407,5
482.249,342.991,5
450.793,496.101,5
-231.332,410.659,5
-221.258,457.394,5
-290.135,537.486,5
-253.357,318.372,5
-417.14,293.823,5
-386.664,338.505,5
-2.5497,-221.553,5
211.505,-4.01053,5
435.595,-230.937,5
390.901,-129.953,5
-301.155,-88.5244,5
-472.796,-106.444,5
-526.664,-236.239,5
41.5347,145.718,5
223.052,40.426,5
447.726,62.7835,5
593.317,71.5242,5
-140.053,200.852,5
-352.236,60.611,5
-536.958,-28.708,5
-133.87,320.155,5
218.958,161.981,5
306.5,344.138,5
-159.92,248.647,5
-492.568,240.269,5
135.239,-291.982,5
294.439,-312.679,5
491.777,-393.373,5
-303.615,-309.65,5
-283.924,-273.798,5
228.887,-479.479,5
86.1228,-580.5,5
386.806,-618.811,5
434.693,-567.681,5
-171.227,-400.174,5
-92.0214,-588.853,5
-506.92,-464.03,5
-454.293,-370.225,5
212.569,460.154,5
223.758,444.715,5
456.471,462.041,5
427.958,532.625,5
-203.883,591.57,5
-234.936,426.189,5
-496.136,518.042,5
-560.733,452.146,5
45.6238,-546.737,5
112.659,-567.792,5
-155.983,-682.866,5
-263.329,-598.843,5
-76.0407,636.601,5
160.553,509.004,5
-11.8217,491.409,5

28.1984,-47.2256,5
-29.5739,-63.0395,5
125.789,60.5539,5
295.142,138.006,5
351.077,133.023,5
-243.075,-1.81267,5
-221.089,53.0198,5
-251.796,-92.2409,5
-346.005,-114.089,5
75.6668,-273.785,5
37.3051,-310.354,5
80.6616,-117.736,5
271.843,-340.209,5
305.871,-133.862,5
392.208,-283.516,5
-235.92,-158.364,5
-180.112,-307.414,5
-362.637,-189.321,5
-362.917,-150.747,5
-512.77,-290.445,5
-493.937,-293.637,5
91.5309,293.591,5
234.056,244.314,5
303.001,286.76,5
372.286,168.032,5
455.997,201.086,5
446.456,87.2905,5
15.2902,187.309,5
-132.685,227.882,5
-352.242,249.66,5
-229.815,297.741,5
-498.337,301.344,5
-569.276,273.549,5
56.6176,-354.528,5
-43.3145,-421.584,5
328.612,-333.166,5
216.339,-342.072,5
427.799,-298.661,5
470.963,-267.532,5
-146.9,-334.812,5
-247.751,-372.537,5
-391.143,-395.069,5
-332.607,-326.302,5
-541.377,-367.98,5
-584.48,-294.438,5
70.8792,374.718,5
154.253,305.112,5
209.604,345.835,5
416.246,338.838,5
480.288,338.391,5
454.056,499.889,5
-235.782,408.379,5
-221.065,452.398,5
-288.416,542.181,5
-257.546,315.642,5
-412.843,291.265,5
-381.721,339.255,5
1.15394,-224.912,5
206.651,-2.81249,5
438.669,-234.88,5
387.4,-126.383,5
-301.806,-83.5669,5
-470.566,-101.969,5
-526.602,-241.238,5
37.0348,143.538,5
224.018,45.3316,5
444.504,66.6069,5
595.447,76.0479,5
-135.066,201.213,5
-357.024,62.0519,5
-540.38,-32.3541,5
-138.699,318.861,5
218.857,156.982,5
307.299,349.074,5
-164.751,249.935,5
-496.804,242.925,5
139.706,-289.735,5
295.543,-307.803,5
492.737,-398.28,5
-304.624,-314.547,5
-281.85,-269.249,5
232.527,-476.052,5
81.6784,-582.791,5
390.381,-622.307,5
430.896,-564.428,5
-176.189,-399.558,5
-87.929,-591.726,5
-510.591,-467.425,5
-451.331,-366.196,5
216.777,462.854,5
221.247,449.039,5
455.609,466.966,5
431.443,536.21,5
-208.298,593.917,5
-238.727,429.449,5
-495.958,523.039,5
-562.043,456.971,5
43.9905,-551.463,5
114.22,-563.042,5
-152.483,-686.438,5
-259.046,-601.422,5
-77.3171,631.767,5
157.872,504.783,5
-8.92635,487.332,5

25.561,-42.9778,5
-33.6442,-65.9434,5
128.38,64.8299,5
297.237,142.546,5
350.908,138.02,5
-247.943,-0.670179,5
-217.559,49.4793,5
-255.31,-95.798,5
-347.733,-118.781,5
80.1571,-271.586,5
38.5988,-315.184,5
76.6649,-114.731,5
269.684,-344.719,5
301.317,-135.925,5
390.323,-288.147,5
-240.063,-155.564,5
-175.245,-308.56,5
-359.853,-193.474,5
-365.051,-155.269,5
-516.28,-294.005,5
-488.94,-293.805,5
92.0022,298.569,5
239.055,244.187,5
304.452,291.545,5
369.214,164.088,5
451.226,199.59,5
441.679,85.8164,5
18.364,191.253,5
-136.311,231.324,5
-353.802,244.909,5
-224.817,297.848,5
-500.406,305.896,5
-573.647,271.12,5
52.1552,-352.273,5
-48.2878,-422.1,5
333.143,-331.051,5
212.522,-345.302,5
432.789,-298.348,5
467.504,-263.923,5
-150.251,-338.524,5
-243.225,-374.663,5
-391.63,-400.045,5
-327.718,-325.255,5
-546.29,-367.052,5
-589.202,-292.794,5
70.8505,379.718,5
159.226,305.63,5
208.596,350.733,5
418.277,334.269,5
478.327,333.792,5
457.319,503.678,5
-240.232,406.099,5
-220.871,447.402,5
-286.696,546.876,5
-261.735,312.913,5
-408.547,288.707,5
-376.777,340.005,5
4.85758,-228.271,5
201.797,-1.61446,5
441.744,-238.823,5
383.9,-122.813,5
-302.457,-78.6095,5
-468.335,-97.4945,5
-526.54,-246.238,5
32.5348,141.359,5
224.985,50.2373,5
441.282,70.4304,5
597.577,80.5716,5
-130.079,201.573,5
-361.812,63.4928,5
-543.801,-36.0002,5
-143.529,317.567,5
218.756,151.983,5
308.098,354.01,5
-169.582,251.223,5
-501.04,245.581,5
144.173,-287.489,5
296.648,-302.926,5
493.698,-403.187,5
-305.633,-319.444,5
-279.775,-264.7,5
236.168,-472.624,5
77.234,-585.081,5
393.956,-625.802,5
427.098,-561.176,5
-181.151,-398.942,5
-83.8367,-594.598,5
-514.261,-470.82,5
-448.37,-362.168,5
220.986,465.553,5
218.736,453.362,5
454.747,471.892,5
434.928,539.795,5
-212.713,596.263,5
-242.517,432.709,5
-495.779,528.035,5
-563.353,461.797,5
42.3573,-556.189,5
115.782,-558.292,5
-148.984,-690.009,5
-254.762,-604.001,5
-78.5935,626.932,5
155.19,500.563,5
-6.03101,483.256,5

22.9236,-38.73,5
-37.7145,-68.8473,5
130.971,69.106,5
299.332,147.086,5
350.74,143.017,5
-252.811,0.472307,5
-214.028,45.9387,5
-258.824,-99.355,5
-349.46,-123.474,5
84.6474,-269.386,5
39.8925,-320.014,5
72.6682,-111.727,5
267.525,-349.229,5
296.762,-137.989,5
388.438,-292.778,5
-244.205,-152.764,5
-170.378,-309.706,5
-357.068,-197.627,5
-367.186,-159.79,5
-519.791,-297.565,5
-483.943,-293.974,5
92.4735,303.546,5
244.053,244.06,5
305.902,296.33,5
366.142,160.143,5
446.455,198.094,5
436.901,84.3423,5
21.4378,195.197,5
-139.937,234.766,5
-355.361,240.159,5
-219.818,297.956,5
-502.475,310.447,5
-578.017,268.691,5
47.6928,-350.018,5
-53.2611,-422.616,5
337.674,-328.936,5
208.705,-348.532,5
437.779,-298.036,5
464.044,-260.313,5
-153.602,-342.235,5
-238.699,-376.788,5
-392.116,-405.022,5
-322.829,-324.208,5
-551.203,-366.124,5
-593.924,-291.149,5
70.8219,384.717,5
164.199,306.148,5
207.587,355.63,5
420.307,329.7,5
476.366,329.192,5
460.582,507.467,5
-244.682,403.819,5
-220.677,442.405,5
-284.977,551.571,5
-265.924,310.183,5
-404.251,286.149,5
-371.834,340.755,5
8.56122,-231.63,5
196.942,-0.416426,5
444.819,-242.765,5
380.399,-119.243,5
-303.108,-73.6521,5
-466.105,-93.0195,5
-526.479,-251.238,5
28.0349,139.179,5
225.951,55.143,5
438.06,74.2538,5
599.707,85.0953,5
-125.092,201.933,5
-366.6,64.9337,5
-547.223,-39.6462,5
-148.359,316.273,5
218.655,146.984,5
308.897,358.946,5
-174.414,252.511,5
-505.277,248.236,5
148.64,-285.243,5
297.752,-298.05,5
494.659,-408.093,5
-306.642,-324.341,5
-277.7,-260.151,5
239.808,-469.197,5
72.7896,-587.372,5
397.531,-629.298,5
423.301,-557.923,5
-186.112,-398.326,5
-79.7444,-597.471,5
-517.932,-474.215,5
-445.408,-358.139,5
225.195,468.253,5
216.225,457.686,5
453.885,476.817,5
438.413,543.381,5
-217.128,598.61,5
-246.308,435.97,5
-495.6,533.032,5
-564.663,466.622,5
40.724,-560.915,5
117.343,-553.542,5
-145.485,-693.58,5
-250.479,-606.581,5
-79.8698,622.098,5
152.509,496.343,5
-3.13568,479.18,5

20.2862,-34.4821,5
-41.7848,-71.7512,5
133.563,73.382,5
301.427,151.626,5
350.571,148.014,5
-257.679,1.61479,5
-210.498,42.3982,5
-262.338,-102.912,5
-351.188,-128.166,5
89.1376,-267.187,5
41.1862,-324.843,5
68.6715,-108.723,5
265.367,-353.739,5
292.208,-140.053,5
386.553,-297.409,5
-248.347,-149.963,5
-165.511,-310.852,5
-354.284,-201.78,5
-369.321,-164.311,5
-523.302,-301.125,5
-478.946,-294.143,5
92.9448,308.524,5
249.051,243.933,5
307.352,301.115,5
363.069,156.198,5
441.684,196.598,5
432.123,82.8682,5
24.5115,199.14,5
-143.563,238.209,5
-356.921,235.408,5
-214.819,298.063,5
-504.544,314.999,5
-582.387,266.262,5
43.2303,-347.762,5
-58.2344,-423.132,5
342.204,-326.821,5
204.888,-351.762,5
442.769,-297.723,5
460.585,-256.703,5
-156.952,-345.946,5
-234.174,-378.914,5
-392.602,-409.998,5
-317.94,-323.16,5
-556.116,-365.196,5
-598.645,-289.504,5
70.7932,389.717,5
169.172,306.666,5
206.579,360.527,5
422.338,325.131,5
474.405,324.593,5
463.845,511.255,5
-249.132,401.539,5
-220.484,437.409,5
-283.258,556.267,5
-270.114,307.454,5
-399.955,283.591,5
-366.89,341.504,5
12.2649,-234.989,5
192.088,0.781608,5
447.893,-246.708,5
376.898,-115.673,5
-303.759,-68.6947,5
-463.875,-88.5445,5
-526.417,-256.237,5
23.5349,136.999,5
226.918,60.0487,5
434.838,78.0772,5
601.836,89.6189,5
-120.105,202.294,5
-371.387,66.3746,5
-550.644,-43.2923,5
-153.188,314.979,5
218.554,141.985,5
309.696,363.881,5
-179.245,253.799,5
-509.513,250.892,5
153.107,-282.996,5
298.857,-293.173,5
495.62,-413,5
-307.652,-329.238,5
-275.626,-255.601,5
243.449,-465.77,5
68.3452,-589.663,5
401.106,-632.793,5
419.503,-554.671,5
-191.074,-397.71,5
-75.652,-600.344,5
-521.603,-477.61,5
-442.447,-354.111,5
229.404,470.952,5
213.714,462.01,5
453.023,481.742,5
441.898,546.966,5
-221.543,600.957,5
-250.099,439.23,5
-495.422,538.029,5
-565.973,471.447,5
39.0908,-565.64,5
118.904,-548.792,5
-141.986,-697.152,5
-246.195,-609.16,5
-81.1462,617.264,5
149.828,492.122,5
-0.240348,475.103,5

17.6488,-30.2343,5
-45.855,-74.6551,5
136.154,77.6581,5
303.522,156.166,5
350.403,153.012,5
-262.546,2.75728,5
-206.967,38.8576,5
-265.852,-106.469,5
-352.915,-132.858,5
93.6279,-264.987,5
42.4799,-329.673,5
64.6748,-105.718,5
263.208,-358.249,5
287.654,-142.116,5
384.668,-302.04,5
-252.489,-147.163,5
-160.644,-311.998,5
-351.5,-205.933,5
-371.456,-168.833,5
-526.812,-304.685,5
-473.949,-294.311,5
93.4161,313.502,5
254.05,243.806,5
308.802,305.9,5
359.997,152.253,5
436.913,195.102,5
427.345,81.3941,5
27.5853,203.084,5
-147.19,241.651,5
-358.481,230.658,5
-209.82,298.171,5
-506.614,319.551,5
-586.757,263.833,5
38.7679,-345.507,5
-63.2077,-423.648,5
346.735,-324.706,5
201.072,-354.992,5
447.76,-297.41,5
457.125,-253.093,5
-160.303,-349.657,5
-229.648,-381.039,5
-393.089,-414.974,5
-313.05,-322.113,5
-561.029,-364.269,5
-603.367,-287.86,5
70.7645,394.717,5
174.145,307.184,5
205.571,365.425,5
424.368,320.562,5
472.444,319.993,5
467.108,515.044,5
-253.582,399.259,5
-220.29,432.413,5
-281.539,560.962,5
-274.303,304.724,5
-395.659,281.033,5
-361.947,342.254,5
15.9685,-238.348,5
187.234,1.97964,5
450.968,-250.651,5
373.398,-112.103,5
-304.411,-63.7372,5
-461.644,-84.0695,5
-526.355,-261.237,5
19.0349,134.82,5
227.884,64.9544,5
431.616,81.9007,5
603.966,94.1426,5
-115.118,202.654,5
-376.175,67.8154,5
-554.066,-46.9384,5
-158.018,313.685,5
218.453,136.986,5
310.495,368.817,5
-184.076,255.087,5
-513.75,253.548,5
157.574,-280.75,5
299.961,-288.297,5
496.581,-417.907,5
-308.661,-334.135,5
-273.551,-251.052,5
247.089,-462.342,5
63.9007,-591.953,5
404.681,-636.289,5
415.706,-551.418,5
-196.036,-397.094,5
-71.5597,-603.217,5
-525.274,-481.004,5
-439.485,-350.082,5
233.612,473.651,5
211.203,466.333,5
452.161,486.667,5
445.383,550.551,5
-225.958,603.304,5
-253.89,442.49,5
-495.243,543.026,5
-567.283,476.273,5
37.4575,-570.366,5
120.466,-544.042,5
-138.486,-700.723,5
-241.912,-611.739,5
-82.4226,612.429,5
147.147,487.902,5
2.65498,471.027,5

15.0113,-25.9865,5
-49.9253,-77.559,5
138.746,81.9341,5
305.617,160.706,5
350.234,158.009,5
-267.414,3.89977,5
-203.437,35.3171,5
-269.366,-110.026,5
-354.643,-137.55,5
98.1182,-262.788,5
43.7737,-334.503,5
60.6781,-102.714,5
261.05,-362.759,5
283.1,-144.18,5
382.783,-306.672,5
-256.631,-144.362,5
-155.777,-313.144,5
-348.715,-210.086,5
-373.591,-173.354,5
-530.323,-308.246,5
-468.951,-294.48,5
93.8874,318.48,5
259.048,243.679,5
310.253,310.685,5
356.925,148.309,5
432.143,193.606,5
422.568,79.92,5
30.659,207.027,5
-150.816,245.094,5
-360.041,225.907,5
-204.821,298.278,5
-508.683,324.103,5
-591.128,261.404,5
34.3054,-343.251,5
-68.181,-424.164,5
351.266,-322.591,5
197.255,-358.222,5
452.75,-297.098,5
453.666,-249.483,5
-163.654,-353.368,5
-225.122,-383.165,5
-393.575,-419.951,5
-308.161,-321.066,5
-565.943,-363.341,5
-608.089,-286.215,5
70.7359,399.717,5
179.118,307.701,5
204.562,370.322,5
426.399,315.992,5
470.483,315.394,5
470.37,518.833,5
-258.032,396.979,5
-220.096,427.417,5
-279.82,565.657,5
-278.492,301.994,5
-391.363,278.475,5
-357.003,343.004,5
19.6721,-241.708,5
182.379,3.17767,5
454.042,-254.594,5
369.897,-108.533,5
-305.062,-58.7798,5
-459.414,-79.5946,5
-526.294,-266.237,5
14.535,132.64,5
228.851,69.8601,5
428.394,85.7241,5
606.096,98.6663,5
-110.131,203.014,5
-380.963,69.2563,5
-557.487,-50.5845,5
-162.847,312.391,5
218.352,131.987,5
311.294,373.753,5
-188.907,256.375,5
-517.986,256.203,5
162.041,-278.503,5
301.065,-283.42,5
497.541,-422.814,5
-309.67,-339.032,5
-271.477,-246.503,5
250.73,-458.915,5
59.4563,-594.244,5
408.256,-639.784,5
411.908,-548.165,5
-200.998,-396.478,5
-67.4673,-606.089,5
-528.944,-484.399,5
-436.523,-346.053,5
237.821,476.351,5
208.691,470.657,5
451.299,491.592,5
448.868,554.136,5
-230.373,605.651,5
-257.681,445.75,5
-495.065,548.023,5
-568.593,481.098,5
35.8243,-575.092,5
122.027,-539.293,5
-134.987,-704.295,5
-237.628,-614.318,5
-83.699,607.595,5
144.466,483.682,5
5.55032,466.95,5

